"","FALSE","TRUE","FALSE","TRUE"
"apyrene",59,50,0.541284403669725,0.458715596330275
"eupyrene",53,63,0.456896551724138,0.543103448275862
"unbiased",797,355,0.691840277777778,0.308159722222222
